epoch (ms),time (-07:00),elapsed (s),x-axis (deg/s),y-axis (deg/s),z-axis (deg/s)
1567420090675,2019-09-02T03:28:10.675,0.000,14.939,-13.354,0.488
1567420090675,2019-09-02T03:28:10.675,0.000,15.061,-18.963,-4.634
1567420090675,2019-09-02T03:28:10.675,0.000,15.610,-25.061,-7.927
1567420090767,2019-09-02T03:28:10.767,0.092,16.280,-28.720,-8.049
1567420090767,2019-09-02T03:28:10.767,0.092,16.585,-30.732,-7.073
1567420090767,2019-09-02T03:28:10.767,0.092,15.915,-31.707,-6.768
1567420090829,2019-09-02T03:28:10.829,0.154,15.366,-30.610,-6.890
1567420090829,2019-09-02T03:28:10.829,0.154,16.220,-27.805,-6.524
1567420090829,2019-09-02T03:28:10.829,0.154,20.000,-23.232,-4.207
1567420090868,2019-09-02T03:28:10.868,0.193,25.427,-17.683,-1.159
1567420090868,2019-09-02T03:28:10.868,0.193,28.293,-15.732,-1.646
1567420090868,2019-09-02T03:28:10.868,0.193,26.646,-20.366,-6.402
1567420090905,2019-09-02T03:28:10.905,0.230,19.634,-31.402,-10.671
1567420090905,2019-09-02T03:28:10.905,0.230,11.159,-39.207,-15.793
1567420090905,2019-09-02T03:28:10.905,0.230,5.183,-42.805,-19.451
1567420090932,2019-09-02T03:28:10.932,0.257,2.073,-44.695,-19.695
1567420090932,2019-09-02T03:28:10.932,0.257,1.890,-43.049,-16.951
1567420090932,2019-09-02T03:28:10.932,0.257,6.159,-37.317,-12.622
1567420090968,2019-09-02T03:28:10.968,0.293,14.085,-27.683,-7.988
1567420090968,2019-09-02T03:28:10.968,0.293,20.183,-19.451,-5.732
1567420090968,2019-09-02T03:28:10.968,0.293,20.610,-17.866,-9.085
1567420091014,2019-09-02T03:28:11.014,0.339,14.512,-28.354,-16.463
1567420091014,2019-09-02T03:28:11.014,0.339,6.768,-45.671,-21.951
1567420091014,2019-09-02T03:28:11.014,0.339,1.707,-55.854,-24.878
1567420091063,2019-09-02T03:28:11.063,0.388,-2.256,-60.305,-24.024
1567420091063,2019-09-02T03:28:11.063,0.388,-4.512,-64.939,-20.854
1567420091063,2019-09-02T03:28:11.063,0.388,-3.293,-56.890,-15.793
1567420091101,2019-09-02T03:28:11.101,0.426,0.427,-39.573,-8.902
1567420091101,2019-09-02T03:28:11.101,0.426,7.439,-24.146,-3.841
1567420091101,2019-09-02T03:28:11.101,0.426,12.622,-17.744,-0.244
1567420091138,2019-09-02T03:28:11.138,0.463,12.927,-20.000,-0.305
1567420091138,2019-09-02T03:28:11.138,0.463,12.805,-21.402,-0.793
1567420091138,2019-09-02T03:28:11.138,0.463,11.463,-34.390,1.890
1567420091175,2019-09-02T03:28:11.175,0.500,8.354,-57.195,3.963
1567420091175,2019-09-02T03:28:11.175,0.500,7.317,-70.915,2.439
1567420091175,2019-09-02T03:28:11.175,0.500,15.976,-49.939,1.220
1567420091213,2019-09-02T03:28:11.213,0.538,22.012,-14.695,5.549
1567420091213,2019-09-02T03:28:11.213,0.538,22.500,-14.451,7.683
1567420091213,2019-09-02T03:28:11.213,0.538,24.024,-28.232,8.171
1567420091249,2019-09-02T03:28:11.249,0.574,16.951,-3.902,-2.317
1567420091249,2019-09-02T03:28:11.249,0.574,19.451,32.073,-20.854
1567420091249,2019-09-02T03:28:11.249,0.574,57.012,60.183,-1.890
1567420091285,2019-09-02T03:28:11.285,0.610,85.305,43.659,26.707
1567420091285,2019-09-02T03:28:11.285,0.610,74.268,-5.915,31.402
1567420091285,2019-09-02T03:28:11.285,0.610,61.159,-53.415,61.890
1567420091320,2019-09-02T03:28:11.320,0.645,54.695,-69.634,100.549
1567420091320,2019-09-02T03:28:11.320,0.645,47.317,-62.683,125.122
1567420091320,2019-09-02T03:28:11.320,0.645,42.256,-53.354,137.622
1567420091360,2019-09-02T03:28:11.360,0.685,35.488,-49.695,151.707
1567420091360,2019-09-02T03:28:11.360,0.685,22.378,-47.866,163.720
1567420091360,2019-09-02T03:28:11.360,0.685,8.720,-43.537,169.512
1567420091410,2019-09-02T03:28:11.410,0.735,-8.415,-45.427,167.683
1567420091410,2019-09-02T03:28:11.410,0.735,-23.049,-33.415,161.768
1567420091410,2019-09-02T03:28:11.410,0.735,-36.098,-22.500,156.402
1567420091448,2019-09-02T03:28:11.448,0.773,-54.878,-21.829,149.878
1567420091448,2019-09-02T03:28:11.448,0.773,-75.854,-22.256,140.000
1567420091448,2019-09-02T03:28:11.448,0.773,-95.427,-12.683,129.878
1567420091492,2019-09-02T03:28:11.492,0.817,-104.634,14.756,118.171
1567420091492,2019-09-02T03:28:11.492,0.817,-104.024,42.195,103.110
1567420091492,2019-09-02T03:28:11.492,0.817,-107.317,46.463,95.122
1567420091551,2019-09-02T03:28:11.551,0.876,-117.012,39.634,92.195
1567420091551,2019-09-02T03:28:11.551,0.876,-129.512,42.134,92.073
1567420091551,2019-09-02T03:28:11.551,0.876,-130.427,66.037,81.402
1567420091588,2019-09-02T03:28:11.588,0.913,-119.207,83.049,64.634
1567420091588,2019-09-02T03:28:11.588,0.913,-117.988,61.890,53.232
1567420091588,2019-09-02T03:28:11.588,0.913,-124.756,48.598,47.744
1567420091626,2019-09-02T03:28:11.626,0.951,-117.378,75.488,36.707
1567420091626,2019-09-02T03:28:11.626,0.951,-99.878,92.927,24.756
1567420091626,2019-09-02T03:28:11.626,0.951,-98.598,65.671,23.232
1567420091665,2019-09-02T03:28:11.665,0.990,-99.390,42.683,15.854
1567420091665,2019-09-02T03:28:11.665,0.990,-88.841,58.293,0.427
1567420091665,2019-09-02T03:28:11.665,0.990,-66.768,88.780,-11.585
1567420091713,2019-09-02T03:28:11.713,1.038,-65.671,79.512,-6.768
1567420091713,2019-09-02T03:28:11.713,1.038,-69.695,48.537,-1.037
1567420091713,2019-09-02T03:28:11.713,1.038,-56.707,37.378,0.488
1567420091746,2019-09-02T03:28:11.746,1.071,-24.634,30.793,-0.976
1567420091746,2019-09-02T03:28:11.746,1.071,4.329,23.537,13.963
1567420091746,2019-09-02T03:28:11.746,1.071,28.537,51.037,15.732
1567420091825,2019-09-02T03:28:11.825,1.150,50.488,94.817,4.207
1567420091825,2019-09-02T03:28:11.825,1.150,61.037,131.220,-8.171
1567420091825,2019-09-02T03:28:11.825,1.150,62.866,148.476,-12.866
1567420091864,2019-09-02T03:28:11.864,1.189,64.207,130.122,-15.854
1567420091864,2019-09-02T03:28:11.864,1.189,67.317,80.305,-28.354
1567420091864,2019-09-02T03:28:11.864,1.189,74.573,33.659,-41.402
1567420091892,2019-09-02T03:28:11.892,1.217,79.268,10.732,-47.378
1567420091892,2019-09-02T03:28:11.892,1.217,85.000,-2.805,-64.207
1567420091892,2019-09-02T03:28:11.892,1.217,99.695,-0.610,-87.378
1567420091931,2019-09-02T03:28:11.931,1.256,109.512,1.159,-102.134
1567420091931,2019-09-02T03:28:11.931,1.256,106.829,-9.390,-107.683
1567420091931,2019-09-02T03:28:11.931,1.256,92.805,-23.598,-109.512
1567420091969,2019-09-02T03:28:11.969,1.294,75.793,-32.378,-109.512
1567420091969,2019-09-02T03:28:11.969,1.294,56.524,-40.915,-104.756
1567420091969,2019-09-02T03:28:11.969,1.294,24.817,-54.573,-96.098
1567420092015,2019-09-02T03:28:12.015,1.340,-0.305,-34.451,-86.463
1567420092015,2019-09-02T03:28:12.015,1.340,-10.915,-26.829,-69.756
1567420092015,2019-09-02T03:28:12.015,1.340,-25.244,-94.634,-59.878
1567420092059,2019-09-02T03:28:12.059,1.384,-44.085,-177.378,-57.134
1567420092059,2019-09-02T03:28:12.059,1.384,-51.707,-189.329,-57.927
1567420092059,2019-09-02T03:28:12.059,1.384,-39.939,-127.744,-54.817
1567420092110,2019-09-02T03:28:12.110,1.435,-31.159,-102.073,-41.159
1567420092110,2019-09-02T03:28:12.110,1.435,-30.183,-111.220,-26.220
1567420092110,2019-09-02T03:28:12.110,1.435,-10.854,-52.500,-22.988
1567420092165,2019-09-02T03:28:12.165,1.490,-16.402,-35.305,-5.061
1567420092165,2019-09-02T03:28:12.165,1.490,-14.695,8.293,13.720
1567420092165,2019-09-02T03:28:12.165,1.490,-25.000,20.671,13.720
1567420092203,2019-09-02T03:28:12.203,1.528,-19.451,58.476,7.744
1567420092203,2019-09-02T03:28:12.203,1.528,-12.134,99.695,11.341
1567420092203,2019-09-02T03:28:12.203,1.528,-4.146,100.671,21.463
1567420092261,2019-09-02T03:28:12.261,1.586,1.585,64.390,30.671
1567420092261,2019-09-02T03:28:12.261,1.586,5.244,14.817,40.610
1567420092261,2019-09-02T03:28:12.261,1.586,5.610,-30.122,53.049
1567420092293,2019-09-02T03:28:12.293,1.618,36.707,25.183,77.134
1567420092293,2019-09-02T03:28:12.293,1.618,45.976,70.427,107.927
1567420092293,2019-09-02T03:28:12.293,1.618,35.366,62.622,123.293
1567420092329,2019-09-02T03:28:12.329,1.654,21.829,9.939,124.939
1567420092329,2019-09-02T03:28:12.329,1.654,12.378,-14.756,123.720
1567420092329,2019-09-02T03:28:12.329,1.654,9.451,13.354,121.951
1567420092366,2019-09-02T03:28:12.366,1.691,-0.793,15.732,115.610
1567420092366,2019-09-02T03:28:12.366,1.691,-17.500,-25.183,96.768
1567420092366,2019-09-02T03:28:12.366,1.691,-22.866,-41.707,72.622
1567420092403,2019-09-02T03:28:12.403,1.728,-29.939,-21.220,55.122
1567420092403,2019-09-02T03:28:12.403,1.728,-33.598,18.049,34.756
1567420092403,2019-09-02T03:28:12.403,1.728,-35.488,32.988,14.207
1567420092466,2019-09-02T03:28:12.466,1.791,-42.805,19.695,-2.073
1567420092466,2019-09-02T03:28:12.466,1.791,-36.951,21.463,-12.256
1567420092466,2019-09-02T03:28:12.466,1.791,-31.707,13.354,-19.573
1567420092518,2019-09-02T03:28:12.518,1.843,-28.049,7.744,-26.646
1567420092518,2019-09-02T03:28:12.518,1.843,-22.988,5.976,-26.220
1567420092518,2019-09-02T03:28:12.518,1.843,-22.500,-8.902,-18.293
1567420092599,2019-09-02T03:28:12.599,1.924,-23.841,-22.439,-14.268
1567420092599,2019-09-02T03:28:12.599,1.924,-20.610,-2.866,-10.732
1567420092599,2019-09-02T03:28:12.599,1.924,-18.415,6.646,-1.098
1567420092651,2019-09-02T03:28:12.651,1.976,-22.805,-13.902,7.378
1567420092651,2019-09-02T03:28:12.651,1.976,-27.256,-37.195,8.598
1567420092651,2019-09-02T03:28:12.651,1.976,-27.622,-47.561,3.659
1567420092711,2019-09-02T03:28:12.711,2.036,-16.890,-46.402,1.707
1567420092711,2019-09-02T03:28:12.711,2.036,-3.232,-38.963,3.354
1567420092711,2019-09-02T03:28:12.711,2.036,5.732,-33.476,2.866
1567420092758,2019-09-02T03:28:12.758,2.083,3.354,-20.183,-4.878
1567420092758,2019-09-02T03:28:12.758,2.083,7.012,-12.744,-1.646
1567420092758,2019-09-02T03:28:12.758,2.083,7.378,-10.549,-0.610
1567420092825,2019-09-02T03:28:12.825,2.150,1.585,-24.146,5.854
1567420092825,2019-09-02T03:28:12.825,2.150,-5.000,-30.366,10.671
1567420092825,2019-09-02T03:28:12.825,2.150,-4.329,-20.915,13.232
1567420092894,2019-09-02T03:28:12.894,2.219,-2.622,-10.732,13.598
1567420092894,2019-09-02T03:28:12.894,2.219,-3.232,-11.037,14.207
1567420092894,2019-09-02T03:28:12.894,2.219,-4.207,-15.976,13.476
1567420092931,2019-09-02T03:28:12.931,2.256,-3.537,-9.573,12.378
1567420092931,2019-09-02T03:28:12.931,2.256,-5.305,-2.195,10.488
1567420092931,2019-09-02T03:28:12.931,2.256,-5.976,4.024,6.098
1567420092992,2019-09-02T03:28:12.992,2.317,-10.122,0.610,3.293
1567420092992,2019-09-02T03:28:12.992,2.317,-10.488,-0.427,4.024
1567420092992,2019-09-02T03:28:12.992,2.317,-9.268,2.378,9.207
1567420093095,2019-09-02T03:28:13.095,2.420,-10.305,4.756,8.354
1567420093095,2019-09-02T03:28:13.095,2.420,-9.268,3.963,5.366
1567420093095,2019-09-02T03:28:13.095,2.420,-11.159,-1.707,3.232
1567420093195,2019-09-02T03:28:13.195,2.520,-10.610,1.890,1.646
1567420093195,2019-09-02T03:28:13.195,2.520,-9.268,-0.671,1.707
1567420093195,2019-09-02T03:28:13.195,2.520,-6.220,-7.134,-1.890
1567420093246,2019-09-02T03:28:13.246,2.571,-2.805,-1.402,-1.159
1567420093246,2019-09-02T03:28:13.246,2.571,-0.122,5.610,1.707
1567420093246,2019-09-02T03:28:13.246,2.571,4.512,9.329,3.476
1567420093347,2019-09-02T03:28:13.347,2.672,3.354,5.427,5.976
1567420093347,2019-09-02T03:28:13.347,2.672,7.805,35.061,4.024
1567420093347,2019-09-02T03:28:13.347,2.672,16.829,87.561,4.207
1567420093393,2019-09-02T03:28:13.393,2.718,29.390,116.890,1.524
1567420093393,2019-09-02T03:28:13.393,2.718,28.354,95.427,5.427
1567420093393,2019-09-02T03:28:13.393,2.718,32.622,67.073,7.012
1567420093464,2019-09-02T03:28:13.464,2.789,42.012,41.402,4.024
1567420093464,2019-09-02T03:28:13.464,2.789,47.683,12.073,2.744
1567420093464,2019-09-02T03:28:13.464,2.789,47.073,-13.110,5.427
1567420093501,2019-09-02T03:28:13.501,2.826,35.244,-42.622,8.902
1567420093501,2019-09-02T03:28:13.501,2.826,15.854,-63.598,5.549
1567420093501,2019-09-02T03:28:13.501,2.826,0.671,-57.500,3.415
1567420093546,2019-09-02T03:28:13.546,2.871,-16.098,-51.098,6.585
1567420093546,2019-09-02T03:28:13.546,2.871,-34.146,-48.171,8.293
1567420093546,2019-09-02T03:28:13.546,2.871,-47.073,-47.927,4.451
1567420093636,2019-09-02T03:28:13.636,2.961,-54.878,-43.293,-4.878
1567420093636,2019-09-02T03:28:13.636,2.961,-54.756,-25.427,-15.915
1567420093636,2019-09-02T03:28:13.636,2.961,-50.427,-8.415,-22.317
1567420093686,2019-09-02T03:28:13.686,3.011,-42.195,-0.671,-30.061
1567420093686,2019-09-02T03:28:13.686,3.011,-36.524,-3.354,-42.378
1567420093686,2019-09-02T03:28:13.686,3.011,-27.866,-6.829,-54.817
1567420093732,2019-09-02T03:28:13.732,3.057,-16.707,8.476,-32.988
1567420093732,2019-09-02T03:28:13.732,3.057,-8.841,10.549,-21.646
1567420093732,2019-09-02T03:28:13.732,3.057,9.878,48.049,-29.024
1567420093834,2019-09-02T03:28:13.834,3.159,9.085,37.256,-19.878
1567420093834,2019-09-02T03:28:13.834,3.159,0.549,24.207,-25.732
1567420093834,2019-09-02T03:28:13.834,3.159,-4.939,17.622,-18.963
1567420093910,2019-09-02T03:28:13.910,3.235,-8.354,-4.878,-12.561
1567420093910,2019-09-02T03:28:13.910,3.235,-8.841,-9.451,-9.573
1567420093910,2019-09-02T03:28:13.910,3.235,-8.171,-6.646,-6.280
1567420093986,2019-09-02T03:28:13.986,3.311,-6.220,3.720,-3.110
1567420093986,2019-09-02T03:28:13.986,3.311,-5.854,-0.976,0.488
1567420093986,2019-09-02T03:28:13.986,3.311,-6.951,-13.293,6.220
1567420094028,2019-09-02T03:28:14.028,3.353,-6.280,-17.927,7.927
1567420094028,2019-09-02T03:28:14.028,3.353,-5.305,-24.085,6.890
1567420094028,2019-09-02T03:28:14.028,3.353,1.951,-16.707,1.585
1567420094070,2019-09-02T03:28:14.070,3.395,7.927,-5.915,-4.817
1567420094070,2019-09-02T03:28:14.070,3.395,9.634,-0.488,-9.085
1567420094070,2019-09-02T03:28:14.070,3.395,9.146,-0.061,-12.561
1567420094116,2019-09-02T03:28:14.116,3.441,6.280,-2.805,-19.695
1567420094116,2019-09-02T03:28:14.116,3.441,9.756,21.768,-17.927
1567420094116,2019-09-02T03:28:14.116,3.441,11.098,6.646,-22.744
1567420094193,2019-09-02T03:28:14.193,3.518,22.805,17.805,-32.195
1567420094193,2019-09-02T03:28:14.193,3.518,30.000,21.341,-33.598
1567420094193,2019-09-02T03:28:14.193,3.518,32.622,2.195,-41.768
1567420094228,2019-09-02T03:28:14.228,3.553,33.780,3.841,-44.207
1567420094228,2019-09-02T03:28:14.228,3.553,35.244,1.707,-44.451
1567420094228,2019-09-02T03:28:14.228,3.553,35.793,-3.171,-42.744
1567420094263,2019-09-02T03:28:14.263,3.588,31.768,-1.951,-32.500
1567420094263,2019-09-02T03:28:14.263,3.588,22.195,-5.793,-12.500
1567420094263,2019-09-02T03:28:14.263,3.588,8.171,-13.963,14.939
1567420094309,2019-09-02T03:28:14.309,3.634,2.317,-8.537,49.390
1567420094309,2019-09-02T03:28:14.309,3.634,10.671,-18.476,62.927
1567420094309,2019-09-02T03:28:14.309,3.634,13.659,-25.549,70.854
1567420094363,2019-09-02T03:28:14.363,3.688,9.207,3.780,81.768
1567420094363,2019-09-02T03:28:14.363,3.688,-5.244,34.695,88.720
1567420094363,2019-09-02T03:28:14.363,3.688,-23.659,35.305,86.341
1567420094495,2019-09-02T03:28:14.495,3.820,-38.963,27.439,70.976
1567420094495,2019-09-02T03:28:14.495,3.820,-57.256,20.305,46.159
1567420094495,2019-09-02T03:28:14.495,3.820,-77.439,3.598,-0.610
1567420094534,2019-09-02T03:28:14.534,3.859,-66.951,4.329,-35.976
1567420094534,2019-09-02T03:28:14.534,3.859,-13.171,13.476,-68.902
1567420094534,2019-09-02T03:28:14.534,3.859,-17.134,-60.854,-54.939
1567420094611,2019-09-02T03:28:14.611,3.936,8.598,24.756,-45.000
1567420094611,2019-09-02T03:28:14.611,3.936,24.329,15.122,-48.354
1567420094611,2019-09-02T03:28:14.611,3.936,8.110,-41.707,-57.988
1567420094656,2019-09-02T03:28:14.656,3.981,39.268,20.732,-48.780
1567420094656,2019-09-02T03:28:14.656,3.981,28.902,-4.207,-46.341
1567420094656,2019-09-02T03:28:14.656,3.981,20.671,2.500,-32.439
1567420094701,2019-09-02T03:28:14.701,4.026,10.610,-0.244,-10.732
1567420094701,2019-09-02T03:28:14.701,4.026,8.476,-8.293,12.134
1567420094701,2019-09-02T03:28:14.701,4.026,12.134,-26.951,16.402
1567420094744,2019-09-02T03:28:14.744,4.069,4.939,-54.878,17.866
1567420094744,2019-09-02T03:28:14.744,4.069,3.537,-72.805,25.427
1567420094744,2019-09-02T03:28:14.744,4.069,7.683,-85.793,24.878
1567420094807,2019-09-02T03:28:14.807,4.132,6.768,-80.732,16.037
1567420094807,2019-09-02T03:28:14.807,4.132,2.927,-65.671,3.902
1567420094807,2019-09-02T03:28:14.807,4.132,7.683,-47.195,-16.159
1567420094872,2019-09-02T03:28:14.872,4.197,4.146,-47.378,-31.159
1567420094872,2019-09-02T03:28:14.872,4.197,-15.549,-60.915,-39.451
1567420094872,2019-09-02T03:28:14.872,4.197,-33.415,-72.744,-49.817
1567420094923,2019-09-02T03:28:14.923,4.248,-52.622,-103.476,-54.756
1567420094923,2019-09-02T03:28:14.923,4.248,-52.073,-104.146,-51.341
1567420094923,2019-09-02T03:28:14.923,4.248,-42.195,-94.268,-46.037
1567420094970,2019-09-02T03:28:14.970,4.295,-18.171,-72.561,-41.951
1567420094970,2019-09-02T03:28:14.970,4.295,13.659,-21.037,-29.695
1567420094970,2019-09-02T03:28:14.970,4.295,38.780,22.927,-18.293
1567420095015,2019-09-02T03:28:15.015,4.340,58.110,68.476,-9.207
1567420095015,2019-09-02T03:28:15.015,4.340,73.293,126.524,-0.793
1567420095015,2019-09-02T03:28:15.015,4.340,74.451,210.976,5.854
1567420095060,2019-09-02T03:28:15.060,4.385,72.866,309.390,26.646
1567420095060,2019-09-02T03:28:15.060,4.385,69.695,350.122,47.500
1567420095060,2019-09-02T03:28:15.060,4.385,60.183,326.829,53.598
1567420095145,2019-09-02T03:28:15.145,4.470,53.598,295.671,37.805
1567420095145,2019-09-02T03:28:15.145,4.470,60.366,318.293,14.390
1567420095145,2019-09-02T03:28:15.145,4.470,63.354,331.220,2.012
1567420095191,2019-09-02T03:28:15.191,4.516,53.780,300.488,-1.341
1567420095191,2019-09-02T03:28:15.191,4.516,40.915,291.402,-8.841
1567420095191,2019-09-02T03:28:15.191,4.516,24.207,291.159,-12.439
1567420095246,2019-09-02T03:28:15.246,4.571,3.171,106.037,2.439
1567420095246,2019-09-02T03:28:15.246,4.571,-33.659,-102.378,15.122
1567420095246,2019-09-02T03:28:15.246,4.571,-20.549,44.634,12.439
1567420095305,2019-09-02T03:28:15.305,4.630,-8.171,165.671,5.183
1567420095305,2019-09-02T03:28:15.305,4.630,-13.171,139.390,-8.415
1567420095305,2019-09-02T03:28:15.305,4.630,-19.634,63.537,-2.500
1567420095385,2019-09-02T03:28:15.385,4.710,-30.793,-15.854,-4.939
1567420095385,2019-09-02T03:28:15.385,4.710,-30.793,-42.622,-13.902
1567420095385,2019-09-02T03:28:15.385,4.710,-20.671,-28.049,-16.890
1567420095465,2019-09-02T03:28:15.465,4.790,-14.268,35.732,-12.195
1567420095465,2019-09-02T03:28:15.465,4.790,-6.829,105.000,-9.817
1567420095465,2019-09-02T03:28:15.465,4.790,-13.293,51.951,-0.793
1567420095524,2019-09-02T03:28:15.524,4.849,-14.512,-19.390,13.171
1567420095524,2019-09-02T03:28:15.524,4.849,-4.268,-1.951,7.317
1567420095524,2019-09-02T03:28:15.524,4.849,3.354,24.939,-1.463
1567420095569,2019-09-02T03:28:15.569,4.894,-0.610,12.561,-7.378
1567420095569,2019-09-02T03:28:15.569,4.894,-10.366,-39.146,-8.476
1567420095569,2019-09-02T03:28:15.569,4.894,-9.024,-63.659,-10.000
1567420095647,2019-09-02T03:28:15.647,4.972,-7.988,-64.695,-9.207
1567420095647,2019-09-02T03:28:15.647,4.972,-3.293,-42.561,-7.622
1567420095647,2019-09-02T03:28:15.647,4.972,-0.366,-30.549,-7.744
1567420095707,2019-09-02T03:28:15.707,5.032,-7.134,-28.354,-5.061
1567420095707,2019-09-02T03:28:15.707,5.032,-10.671,-29.817,-0.915
1567420095707,2019-09-02T03:28:15.707,5.032,-17.927,-41.646,0.732
1567420095783,2019-09-02T03:28:15.783,5.108,-18.780,-37.744,5.976
1567420095783,2019-09-02T03:28:15.783,5.108,-10.122,-14.207,3.110
1567420095783,2019-09-02T03:28:15.783,5.108,-10.122,-6.098,-0.427
1567420095875,2019-09-02T03:28:15.875,5.200,-1.524,-7.439,-2.683
1567420095875,2019-09-02T03:28:15.875,5.200,5.915,-6.585,-6.037
1567420095875,2019-09-02T03:28:15.875,5.200,14.634,6.037,-0.488
1567420095958,2019-09-02T03:28:15.958,5.283,12.378,9.024,0.610
1567420095958,2019-09-02T03:28:15.958,5.283,8.841,29.756,0.061
1567420095958,2019-09-02T03:28:15.958,5.283,1.402,30.854,-0.549
1567420096031,2019-09-02T03:28:16.031,5.356,-5.732,15.549,0.000
1567420096031,2019-09-02T03:28:16.031,5.356,-16.585,-30.305,-1.829
1567420096031,2019-09-02T03:28:16.031,5.356,-35.366,-89.146,-2.012
1567420096199,2019-09-02T03:28:16.199,5.524,-46.890,-118.720,-1.768
1567420096199,2019-09-02T03:28:16.199,5.524,-44.573,-114.634,-2.195
1567420096199,2019-09-02T03:28:16.199,5.524,-38.476,-126.646,-1.402
1567420096241,2019-09-02T03:28:16.241,5.566,-39.756,-186.890,0.061
1567420096241,2019-09-02T03:28:16.241,5.566,-42.561,-248.841,2.744
1567420096241,2019-09-02T03:28:16.241,5.566,-46.098,-253.780,-2.256
1567420096277,2019-09-02T03:28:16.277,5.602,-29.573,-185.793,-4.756
1567420096277,2019-09-02T03:28:16.277,5.602,-7.683,-131.829,4.512
1567420096277,2019-09-02T03:28:16.277,5.602,-22.134,-116.280,6.951
1567420096404,2019-09-02T03:28:16.404,5.729,-42.927,-131.890,-3.232
1567420096404,2019-09-02T03:28:16.404,5.729,-28.415,-98.659,-1.829
1567420096404,2019-09-02T03:28:16.404,5.729,-18.171,-83.720,6.037
1567420096442,2019-09-02T03:28:16.442,5.767,-22.317,-83.476,9.573
1567420096442,2019-09-02T03:28:16.442,5.767,-20.244,-64.329,5.610
1567420096442,2019-09-02T03:28:16.442,5.767,-18.963,-66.220,2.561
1567420096567,2019-09-02T03:28:16.567,5.892,-21.768,-78.598,1.402
1567420096567,2019-09-02T03:28:16.567,5.892,-20.488,-70.305,3.963
1567420096567,2019-09-02T03:28:16.567,5.892,-31.829,-68.415,4.756
1567420096607,2019-09-02T03:28:16.607,5.932,-37.134,-68.598,7.866
1567420096607,2019-09-02T03:28:16.607,5.932,-37.195,-64.390,10.244
1567420096607,2019-09-02T03:28:16.607,5.932,-30.671,-78.720,17.256
1567420096684,2019-09-02T03:28:16.684,6.009,-18.415,-73.841,20.610
1567420096684,2019-09-02T03:28:16.684,6.009,-18.780,-41.951,12.134
1567420096684,2019-09-02T03:28:16.684,6.009,-24.451,-31.890,5.976
1567420096791,2019-09-02T03:28:16.791,6.116,-18.902,-34.695,5.427
1567420096791,2019-09-02T03:28:16.791,6.116,-11.951,-33.232,5.671
1567420096791,2019-09-02T03:28:16.791,6.116,-10.366,-25.305,6.890
1567420096875,2019-09-02T03:28:16.875,6.200,-14.268,-22.134,7.073
1567420096875,2019-09-02T03:28:16.875,6.200,-15.183,-9.085,7.256
1567420096875,2019-09-02T03:28:16.875,6.200,-12.988,1.585,8.476
1567420096913,2019-09-02T03:28:16.913,6.238,-10.488,-2.805,11.159
1567420096913,2019-09-02T03:28:16.913,6.238,-5.061,4.695,10.000
1567420096913,2019-09-02T03:28:16.913,6.238,5.183,26.037,5.549
1567420096954,2019-09-02T03:28:16.954,6.279,11.037,37.927,2.439
1567420096954,2019-09-02T03:28:16.954,6.279,-1.585,32.073,-0.732
1567420096954,2019-09-02T03:28:16.954,6.279,-16.646,21.220,-5.305
1567420097045,2019-09-02T03:28:17.045,6.370,-5.000,39.451,-1.890
1567420097045,2019-09-02T03:28:17.045,6.370,14.451,65.671,6.402
1567420097045,2019-09-02T03:28:17.045,6.370,24.817,100.366,13.049
1567420097166,2019-09-02T03:28:17.166,6.491,27.744,144.329,19.390
1567420097166,2019-09-02T03:28:17.166,6.491,49.207,156.524,26.341
1567420097166,2019-09-02T03:28:17.166,6.491,48.354,87.012,33.963
1567420097243,2019-09-02T03:28:17.243,6.568,44.390,28.963,35.427
1567420097243,2019-09-02T03:28:17.243,6.568,37.622,-32.012,39.756
1567420097243,2019-09-02T03:28:17.243,6.568,24.390,-53.963,45.915
1567420097279,2019-09-02T03:28:17.279,6.604,14.390,-28.537,49.573
1567420097279,2019-09-02T03:28:17.279,6.604,4.451,-5.000,48.537
1567420097279,2019-09-02T03:28:17.279,6.604,-12.195,-10.366,45.305
1567420097363,2019-09-02T03:28:17.363,6.688,-26.524,-10.854,33.354
1567420097363,2019-09-02T03:28:17.363,6.688,-30.061,10.854,20.000
1567420097363,2019-09-02T03:28:17.363,6.688,-36.890,15.549,12.744
1567420097440,2019-09-02T03:28:17.440,6.765,-43.598,-2.561,2.012
1567420097440,2019-09-02T03:28:17.440,6.765,-45.122,-4.512,-15.305
1567420097440,2019-09-02T03:28:17.440,6.765,-45.549,18.049,-31.037
1567420097563,2019-09-02T03:28:17.563,6.888,-46.341,32.317,-45.549
1567420097563,2019-09-02T03:28:17.563,6.888,-41.280,-24.024,-52.378
1567420097563,2019-09-02T03:28:17.563,6.888,-56.280,-121.768,-38.232
1567420097676,2019-09-02T03:28:17.676,7.001,-11.402,-30.244,-14.573
1567420097676,2019-09-02T03:28:17.676,7.001,29.451,59.573,-17.012
1567420097676,2019-09-02T03:28:17.676,7.001,20.183,35.305,-21.220
1567420097772,2019-09-02T03:28:17.772,7.097,-7.134,-36.341,-18.476
1567420097772,2019-09-02T03:28:17.772,7.097,-9.512,-35.549,-17.439
1567420097772,2019-09-02T03:28:17.772,7.097,1.220,-2.439,-15.427
1567420097886,2019-09-02T03:28:17.886,7.211,3.841,5.122,-11.463
1567420097886,2019-09-02T03:28:17.886,7.211,-1.159,-4.085,-9.146
1567420097886,2019-09-02T03:28:17.886,7.211,-4.024,-4.634,-9.634
1567420097967,2019-09-02T03:28:17.967,7.292,-3.354,-2.439,-7.988
1567420097967,2019-09-02T03:28:17.967,7.292,-3.415,-1.280,-6.037
1567420097967,2019-09-02T03:28:17.967,7.292,-5.915,0.793,-6.159
1567420098059,2019-09-02T03:28:18.059,7.384,-8.659,-2.256,-9.939
1567420098059,2019-09-02T03:28:18.059,7.384,-5.366,1.768,-15.549
1567420098059,2019-09-02T03:28:18.059,7.384,-0.671,3.110,-23.171
1567420098134,2019-09-02T03:28:18.134,7.459,7.439,5.671,-33.659
1567420098134,2019-09-02T03:28:18.134,7.459,17.622,11.463,-43.110
1567420098134,2019-09-02T03:28:18.134,7.459,24.878,-7.622,-54.573
1567420098243,2019-09-02T03:28:18.243,7.568,31.585,-37.195,-75.854
1567420098243,2019-09-02T03:28:18.243,7.568,37.439,-10.488,-81.890
1567420098243,2019-09-02T03:28:18.243,7.568,35.610,20.122,-51.402
1567420098301,2019-09-02T03:28:18.301,7.626,29.756,29.390,-12.195
1567420098301,2019-09-02T03:28:18.301,7.626,30.000,33.963,23.232
1567420098301,2019-09-02T03:28:18.301,7.626,39.390,-4.268,50.122
1567420098399,2019-09-02T03:28:18.399,7.724,41.402,-22.317,64.329
1567420098399,2019-09-02T03:28:18.399,7.724,55.122,6.646,66.585
1567420098399,2019-09-02T03:28:18.399,7.724,58.476,47.988,57.927
1567420098503,2019-09-02T03:28:18.503,7.828,42.927,35.122,60.122
1567420098503,2019-09-02T03:28:18.503,7.828,11.037,-27.927,64.878
1567420098503,2019-09-02T03:28:18.503,7.828,-11.402,-69.878,43.476
1567420098585,2019-09-02T03:28:18.585,7.910,-13.841,-52.012,14.817
1567420098585,2019-09-02T03:28:18.585,7.910,6.098,17.012,0.915
1567420098585,2019-09-02T03:28:18.585,7.910,-0.061,43.171,-7.988
1567420098673,2019-09-02T03:28:18.673,7.998,-19.329,21.341,-12.561
1567420098673,2019-09-02T03:28:18.673,7.998,-40.061,-82.683,-10.000
1567420098673,2019-09-02T03:28:18.673,7.998,-65.122,-143.537,8.354
1567420098764,2019-09-02T03:28:18.764,8.089,-15.671,21.890,5.854
1567420098764,2019-09-02T03:28:18.764,8.089,11.768,116.524,3.963
1567420098764,2019-09-02T03:28:18.764,8.089,7.256,106.524,-0.976
1567420098847,2019-09-02T03:28:18.847,8.172,8.720,123.476,0.976
1567420098847,2019-09-02T03:28:18.847,8.172,19.390,152.195,2.256
1567420098847,2019-09-02T03:28:18.847,8.172,18.659,116.707,1.341
1567420098916,2019-09-02T03:28:18.916,8.241,24.573,105.732,1.159
1567420098916,2019-09-02T03:28:18.916,8.241,35.244,127.744,7.012
1567420098916,2019-09-02T03:28:18.916,8.241,42.439,132.500,11.037
1567420098970,2019-09-02T03:28:18.970,8.295,38.354,120.488,14.207
1567420098970,2019-09-02T03:28:18.970,8.295,30.000,118.659,23.049
1567420098970,2019-09-02T03:28:18.970,8.295,19.451,112.500,28.171
1567420099065,2019-09-02T03:28:19.065,8.390,2.317,72.927,24.329
1567420099065,2019-09-02T03:28:19.065,8.390,-5.915,41.707,23.537
1567420099065,2019-09-02T03:28:19.065,8.390,-12.073,4.695,22.561
1567420099098,2019-09-02T03:28:19.098,8.423,-12.256,-15.122,20.366
1567420099098,2019-09-02T03:28:19.098,8.423,-20.427,0.610,24.390
1567420099098,2019-09-02T03:28:19.098,8.423,-34.695,12.317,30.244
1567420099217,2019-09-02T03:28:19.217,8.542,-45.183,-26.098,28.171
1567420099217,2019-09-02T03:28:19.217,8.542,-50.793,-71.768,22.317
1567420099217,2019-09-02T03:28:19.217,8.542,-49.878,-112.561,17.195
1567420099256,2019-09-02T03:28:19.256,8.581,-59.390,-176.463,15.244
1567420099256,2019-09-02T03:28:19.256,8.581,-57.500,-157.012,13.354
1567420099256,2019-09-02T03:28:19.256,8.581,-45.183,-95.244,7.012
1567420099296,2019-09-02T03:28:19.296,8.621,-39.024,-65.427,-0.671
1567420099296,2019-09-02T03:28:19.296,8.621,-47.561,-43.720,-3.354
1567420099296,2019-09-02T03:28:19.296,8.621,-32.988,-8.659,-3.902
1567420099369,2019-09-02T03:28:19.369,8.694,-15.976,12.561,-3.963
1567420099369,2019-09-02T03:28:19.369,8.694,-7.012,31.220,3.841
1567420099369,2019-09-02T03:28:19.369,8.694,-10.732,10.000,10.122
1567420099411,2019-09-02T03:28:19.411,8.736,-18.476,-21.951,6.585
1567420099411,2019-09-02T03:28:19.411,8.736,-18.841,-29.634,2.744
1567420099411,2019-09-02T03:28:19.411,8.736,-15.000,-24.268,2.256
1567420099511,2019-09-02T03:28:19.511,8.836,-18.476,-23.841,4.329
1567420099511,2019-09-02T03:28:19.511,8.836,-23.171,-14.390,-0.305
1567420099511,2019-09-02T03:28:19.511,8.836,-19.451,-8.476,-10.305
1567420099549,2019-09-02T03:28:19.549,8.874,-14.390,-10.671,-12.317
1567420099549,2019-09-02T03:28:19.549,8.874,-13.720,-18.232,-7.195
1567420099549,2019-09-02T03:28:19.549,8.874,-15.000,-21.768,-6.037
1567420099585,2019-09-02T03:28:19.585,8.910,-13.902,-15.671,-7.866
1567420099585,2019-09-02T03:28:19.585,8.910,-8.293,-7.012,-6.402
1567420099585,2019-09-02T03:28:19.585,8.910,-4.146,-21.707,-7.073
1567420099642,2019-09-02T03:28:19.642,8.967,1.707,-18.293,-8.841
1567420099642,2019-09-02T03:28:19.642,8.967,9.268,17.683,-7.988
1567420099642,2019-09-02T03:28:19.642,8.967,21.585,40.793,-11.646
1567420099756,2019-09-02T03:28:19.756,9.081,29.573,40.183,-14.146
1567420099756,2019-09-02T03:28:19.756,9.081,37.500,45.793,-15.427
1567420099756,2019-09-02T03:28:19.756,9.081,49.268,63.780,-20.427
1567420099838,2019-09-02T03:28:19.838,9.163,49.451,27.012,-30.854
1567420099838,2019-09-02T03:28:19.838,9.163,52.500,-6.524,-44.390
1567420099838,2019-09-02T03:28:19.838,9.163,57.805,7.500,-58.780
1567420099895,2019-09-02T03:28:19.895,9.220,76.159,115.305,-65.854
1567420099895,2019-09-02T03:28:19.895,9.220,78.171,211.768,-64.817
1567420099895,2019-09-02T03:28:19.895,9.220,64.817,272.317,-54.512
1567420099974,2019-09-02T03:28:19.974,9.299,42.378,265.427,-41.280
1567420099974,2019-09-02T03:28:19.974,9.299,11.890,150.305,-26.707
1567420099974,2019-09-02T03:28:19.974,9.299,-4.329,16.098,-1.768
1567420100060,2019-09-02T03:28:20.060,9.385,-2.988,-78.841,20.732
1567420100060,2019-09-02T03:28:20.060,9.385,10.671,-101.890,22.073
1567420100060,2019-09-02T03:28:20.060,9.385,17.744,-105.061,23.415
1567420100126,2019-09-02T03:28:20.126,9.451,15.488,-98.476,27.317
1567420100126,2019-09-02T03:28:20.126,9.451,9.390,-64.939,32.622
1567420100126,2019-09-02T03:28:20.126,9.451,7.195,-28.354,34.695
1567420100192,2019-09-02T03:28:20.192,9.517,5.915,-18.720,44.878
1567420100192,2019-09-02T03:28:20.192,9.517,0.610,-37.378,53.293
1567420100192,2019-09-02T03:28:20.192,9.517,-1.280,-32.195,58.598
1567420100288,2019-09-02T03:28:20.288,9.613,6.280,7.012,55.732
1567420100288,2019-09-02T03:28:20.288,9.613,25.000,6.463,46.890
1567420100288,2019-09-02T03:28:20.288,9.613,18.415,-3.780,36.280
1567420100318,2019-09-02T03:28:20.318,9.643,30.488,86.341,31.280
1567420100318,2019-09-02T03:28:20.318,9.643,45.610,153.232,23.171
1567420100318,2019-09-02T03:28:20.318,9.643,40.122,134.634,13.902
1567420100359,2019-09-02T03:28:20.359,9.684,39.756,131.037,2.744
1567420100359,2019-09-02T03:28:20.359,9.684,43.293,174.329,-8.110
1567420100359,2019-09-02T03:28:20.359,9.684,39.024,197.134,-8.780
1567420100415,2019-09-02T03:28:20.415,9.740,24.573,153.354,-7.561
1567420100415,2019-09-02T03:28:20.415,9.740,7.134,85.915,-6.280
1567420100415,2019-09-02T03:28:20.415,9.740,-2.195,54.573,-1.402
1567420100447,2019-09-02T03:28:20.447,9.772,-8.598,28.659,6.646
1567420100447,2019-09-02T03:28:20.447,9.772,-15.305,-24.146,5.549
1567420100447,2019-09-02T03:28:20.447,9.772,-13.963,-48.659,4.390
1567420100479,2019-09-02T03:28:20.479,9.804,-20.732,-61.524,7.805
1567420100479,2019-09-02T03:28:20.479,9.804,-27.927,-49.329,14.329
1567420100479,2019-09-02T03:28:20.479,9.804,-30.793,-24.878,15.854
1567420100529,2019-09-02T03:28:20.529,9.854,-32.256,-18.841,14.695
1567420100529,2019-09-02T03:28:20.529,9.854,-27.683,-24.817,14.634
1567420100529,2019-09-02T03:28:20.529,9.854,-13.720,-33.049,16.707
1567420100603,2019-09-02T03:28:20.603,9.928,-7.622,-17.805,21.829
1567420100603,2019-09-02T03:28:20.603,9.928,-2.439,4.146,18.537
1567420100603,2019-09-02T03:28:20.603,9.928,7.927,2.073,1.768
1567420100643,2019-09-02T03:28:20.643,9.968,13.476,-34.329,-13.720
1567420100643,2019-09-02T03:28:20.643,9.968,14.878,-41.890,-21.951
1567420100643,2019-09-02T03:28:20.643,9.968,20.000,27.378,-30.305
1567420100763,2019-09-02T03:28:20.763,10.088,22.500,112.317,-36.890
1567420100763,2019-09-02T03:28:20.763,10.088,25.000,156.829,-44.390
1567420100763,2019-09-02T03:28:20.763,10.088,21.768,139.024,-59.634
1567420100801,2019-09-02T03:28:20.801,10.126,13.598,91.280,-62.927
1567420100801,2019-09-02T03:28:20.801,10.126,0.061,41.341,-55.854
1567420100801,2019-09-02T03:28:20.801,10.126,-4.878,37.439,-31.037
1567420100836,2019-09-02T03:28:20.836,10.161,-2.988,60.610,0.610
1567420100836,2019-09-02T03:28:20.836,10.161,1.951,75.610,18.537
1567420100836,2019-09-02T03:28:20.836,10.161,5.915,66.951,22.073
1567420100868,2019-09-02T03:28:20.868,10.193,-0.549,43.841,19.634
1567420100868,2019-09-02T03:28:20.868,10.193,-4.817,32.988,16.098
1567420100868,2019-09-02T03:28:20.868,10.193,1.402,25.244,16.951
1567420100954,2019-09-02T03:28:20.954,10.279,6.524,19.024,21.768
1567420100954,2019-09-02T03:28:20.954,10.279,5.976,34.512,24.268
1567420100954,2019-09-02T03:28:20.954,10.279,10.122,78.963,23.293
1567420100991,2019-09-02T03:28:20.991,10.316,8.232,95.183,15.488
1567420100991,2019-09-02T03:28:20.991,10.316,-1.707,70.427,4.756
1567420100991,2019-09-02T03:28:20.991,10.316,-18.049,24.329,-2.134
1567420101025,2019-09-02T03:28:21.025,10.350,-25.976,-12.256,-4.878
1567420101025,2019-09-02T03:28:21.025,10.350,-24.939,-24.390,-7.195
1567420101025,2019-09-02T03:28:21.025,10.350,-23.232,-44.146,-10.061
1567420101060,2019-09-02T03:28:21.060,10.385,-28.476,-90.244,-18.902
1567420101060,2019-09-02T03:28:21.060,10.385,-26.585,-111.585,-15.610
1567420101060,2019-09-02T03:28:21.060,10.385,-19.939,-119.451,-1.829
1567420101098,2019-09-02T03:28:21.098,10.423,-9.573,-122.134,9.878
1567420101098,2019-09-02T03:28:21.098,10.423,-3.110,-121.707,13.598
1567420101098,2019-09-02T03:28:21.098,10.423,-1.829,-161.159,16.585
1567420101135,2019-09-02T03:28:21.135,10.460,-13.415,-206.951,14.451
1567420101135,2019-09-02T03:28:21.135,10.460,-21.280,-177.012,14.512
1567420101135,2019-09-02T03:28:21.135,10.460,-28.841,-142.378,20.366
1567420101179,2019-09-02T03:28:21.179,10.504,-36.524,-131.037,23.780
1567420101179,2019-09-02T03:28:21.179,10.504,-39.207,-114.146,22.744
1567420101179,2019-09-02T03:28:21.179,10.504,-41.768,-92.378,23.841
1567420101261,2019-09-02T03:28:21.261,10.586,-41.646,-70.305,29.817
1567420101261,2019-09-02T03:28:21.261,10.586,-38.537,-62.683,32.988
1567420101261,2019-09-02T03:28:21.261,10.586,-26.524,-65.732,35.000
1567420101292,2019-09-02T03:28:21.292,10.617,-12.622,-150.366,24.390
1567420101292,2019-09-02T03:28:21.292,10.617,-36.159,-204.756,11.402
1567420101292,2019-09-02T03:28:21.292,10.617,-12.256,-71.585,11.220
1567420101331,2019-09-02T03:28:21.331,10.656,4.756,57.988,0.671
1567420101331,2019-09-02T03:28:21.331,10.656,37.805,172.561,2.378
1567420101331,2019-09-02T03:28:21.331,10.656,62.805,179.695,-3.963
1567420101364,2019-09-02T03:28:21.364,10.689,68.537,110.061,-13.049
1567420101364,2019-09-02T03:28:21.364,10.689,72.256,86.707,-22.012
1567420101364,2019-09-02T03:28:21.364,10.689,73.476,132.073,-33.415
1567420101604,2019-09-02T03:28:21.604,10.929,66.341,209.329,-37.683
1567420101604,2019-09-02T03:28:21.604,10.929,53.476,266.280,-36.402
1567420101604,2019-09-02T03:28:21.604,10.929,34.146,242.500,-42.195
1567420101654,2019-09-02T03:28:21.654,10.979,20.610,201.341,-38.902
1567420101654,2019-09-02T03:28:21.654,10.979,21.585,210.061,-24.390
1567420101654,2019-09-02T03:28:21.654,10.979,24.329,189.024,0.732
